{"cameraMode":{"drawMode":0,"name":"Shaded","section":"Shading Mode"},"sceneLighting":true,"audioPlay":false,"sceneViewState":{"m_AlwaysRefresh":false,"showFog":true,"showSkybox":true,"showFlares":true,"showImageEffects":true,"showParticleSystems":true,"showVisualEffectGraphs":true,"m_FxEnabled":true},"in2DMode":false,"pivot":{"x":-0.7080392837524414,"y":-1.325562596321106,"z":2.605508804321289},"rotation":{"x":0.30843281745910647,"y":-0.038517046719789508,"z":0.012498040683567524,"w":0.9503897428512573},"size":9.361615180969239,"orthographic":false}