{"cameraMode":{"drawMode":0,"name":"Shaded","section":"Shading Mode"},"sceneLighting":true,"audioPlay":false,"sceneViewState":{"m_AlwaysRefresh":false,"showFog":true,"showSkybox":true,"showFlares":true,"showImageEffects":true,"showParticleSystems":true,"showVisualEffectGraphs":true,"m_FxEnabled":true},"in2DMode":false,"pivot":{"x":1.3681983947753907,"y":-4.493170261383057,"z":8.145703315734864},"rotation":{"x":0.3431254029273987,"y":-0.07176332175731659,"z":0.026299916207790376,"w":0.9361886382102966},"size":9.028830528259278,"orthographic":false}